{"cameraMode":{"drawMode":0,"name":"Shaded","section":"Shading Mode"},"sceneLighting":true,"audioPlay":false,"sceneViewState":{"showFog":true,"showMaterialUpdate":false,"showSkybox":true,"showFlares":true,"showImageEffects":true,"showParticleSystems":true},"in2DMode":false,"pivot":{"x":-13.862239837646485,"y":16.759605407714845,"z":-6.737444877624512},"rotation":{"x":-0.09286661446094513,"y":-0.8438798785209656,"z":0.15513868629932404,"w":-0.5051510334014893},"size":-0.0648338794708252,"orthographic":false}